{"start": {"O": 0.9369134515119917, "T_Business": 0.0026068821689259644, "T_Personnel": 0.005213764337851929, "T_Conflict": 0.007820646506777894, "T_Movement": 0.015119916579770595, "T_Life": 0.013034410844629822, "T_Contact": 0.008863399374348279, "T_Transaction": 0.0046923879040667365, "T_Justice": 0.005735140771637122}, "O": {"end": 0.0629184418746196, "O": 0.8691418137553256, "T_Business": 0.004412659768715764, "T_Personnel": 0.004564820450395618, "T_Conflict": 0.01027084601339014, "T_Movement": 0.01727023737066342, "T_Life": 0.009053560559951308, "T_Contact": 0.005249543517954961, "T_Transaction": 0.004640900791235545, "T_Justice": 0.012477175897748022}, "T_Business": {"end": 0.13157894736842105, "O": 0.868421052631579, "T_Business": 0.0, "T_Personnel": 0.0, "T_Conflict": 0.0, "T_Movement": 0.0, "T_Life": 0.0, "T_Contact": 0.0, "T_Transaction": 0.0, "T_Justice": 0.0}, "T_Personnel": {"end": 0.0967741935483871, "O": 0.9032258064516129, "T_Business": 0.0, "T_Personnel": 0.0, "T_Conflict": 0.0, "T_Movement": 0.0, "T_Life": 0.0, "T_Contact": 0.0, "T_Transaction": 0.0, "T_Justice": 0.0}, "T_Conflict": {"end": 0.1232876712328767, "O": 0.8767123287671232, "T_Business": 0.0, "T_Personnel": 0.0, "T_Conflict": 0.0, "T_Movement": 0.0, "T_Life": 0.0, "T_Contact": 0.0, "T_Transaction": 0.0, "T_Justice": 0.0}, "T_Movement": {"end": 0.30303030303030304, "O": 0.696969696969697, "T_Business": 0.0, "T_Personnel": 0.0, "T_Conflict": 0.0, "T_Movement": 0.0, "T_Life": 0.0, "T_Contact": 0.0, "T_Transaction": 0.0, "T_Justice": 0.0}, "T_Life": {"end": 0.0, "O": 1.0, "T_Business": 0.0, "T_Personnel": 0.0, "T_Conflict": 0.0, "T_Movement": 0.0, "T_Life": 0.0, "T_Contact": 0.0, "T_Transaction": 0.0, "T_Justice": 0.0}, "T_Contact": {"end": 0.018867924528301886, "O": 0.9811320754716981, "T_Business": 0.0, "T_Personnel": 0.0, "T_Conflict": 0.0, "T_Movement": 0.0, "T_Life": 0.0, "T_Contact": 0.0, "T_Transaction": 0.0, "T_Justice": 0.0}, "T_Transaction": {"end": 0.0196078431372549, "O": 0.9803921568627451, "T_Business": 0.0, "T_Personnel": 0.0, "T_Conflict": 0.0, "T_Movement": 0.0, "T_Life": 0.0, "T_Contact": 0.0, "T_Transaction": 0.0, "T_Justice": 0.0}, "T_Justice": {"end": 0.05319148936170213, "O": 0.9468085106382979, "T_Business": 0.0, "T_Personnel": 0.0, "T_Conflict": 0.0, "T_Movement": 0.0, "T_Life": 0.0, "T_Contact": 0.0, "T_Transaction": 0.0, "T_Justice": 0.0}}