{"end": 0.0660631800849428, "A_Org": 0.012586415351706607, "A_Time-Within": 0.04907461946244226, "O": 0.5486871066745203, "A_Place": 0.031466038379266516, "A_Position": 0.004092135040456335, "A_Attacker": 0.012090398983166445, "A_Artifact": 0.038751278792200146, "A_Origin": 0.007905260873608828, "A_Agent": 0.02117369873205816, "A_Destination": 0.022692748860712403, "A_Person": 0.02439780512756921, "A_Entity": 0.03376011408376477, "A_Target": 0.019902656787673993, "A_Victim": 0.020522677248349195, "A_Instrument": 0.0053631769848405, "A_Giver": 0.004464147316861456, "A_Money": 0.006200204606752023, "A_Recipient": 0.0028520941191059303, "A_Time-Holds": 0.0033481104876460924, "A_Vehicle": 0.0059831974455157024, "A_Crime": 0.00818427008091267, "A_Adjudicator": 0.00793626189664259, "A_Defendant": 0.012648417397774126, "A_Time-Before": 0.0015190501286542455, "A_Plaintiff": 0.0026040859348358497, "A_Time-Ending": 0.003193105372477292, "A_Time-Starting": 0.006200204606752023, "A_Prosecutor": 0.0006510214837089624, "A_Time-After": 0.0015500511516880057, "A_Time-At-Beginning": 0.0010230337601140837, "A_Time-At-End": 0.0008370276219115231, "A_Sentence": 0.005208171869671699, "A_Buyer": 0.003565117648882413, "A_Price": 0.0010230337601140837, "A_Seller": 0.0017670583129243266, "A_Beneficiary": 0.0007130235297764826}