{"end": 0.06699734525639234, "O": 0.8654114852591868, "T_Business": 0.0044362162917423505, "T_Personnel": 0.0045759396395137625, "T_Conflict": 0.010618974430627358, "T_Movement": 0.016592147547855245, "T_Life": 0.009396395137627498, "T_Contact": 0.005658795584742211, "T_Transaction": 0.0050300405197708535, "T_Justice": 0.011282660332541567}